<application>
  <component name="DuplocatorSettings">
    <option name="SELECTED_PROFILES">
      <set>
        <option value="CSS" />
        <option value="HTML" />
        <option value="JavaScript" />
      </set>
    </option>
    <option name="LAST_SELECTED_LANGUAGE" value="HTML" />
  </component>
  <component name="MultiLanguageDuplocatorSettings">
    <object language="ActionScript">
      <option name="DISTINGUISH_FUNCTIONS" value="false" />
      <option name="DISTINGUISH_LITERALS" value="false" />
    </object>
  </component>
</application>