<application>
  <component name="ExportableFileTemplateSettings">
    <j2ee_templates>
      <template name="com.haulmont.rcb.index.js" reformat="true" live-template-enabled="false" enabled="false" />
      <template name="com.haulmont.rcb.index.ts" reformat="true" live-template-enabled="false" enabled="false" />
      <template name="com.haulmont.rcb.palette.jsx" reformat="true" live-template-enabled="false" enabled="false" />
      <template name="com.haulmont.rcb.palette.tsx" reformat="true" live-template-enabled="false" enabled="false" />
      <template name="com.haulmont.rcb.previews.tsx" reformat="true" live-template-enabled="false" enabled="false" />
      <template name="com.haulmont.rcb.previews.jsx" reformat="true" live-template-enabled="false" enabled="false" />
      <template name="com.haulmont.rcb.useInitial.ts" reformat="true" live-template-enabled="false" enabled="false" />
      <template name="com.haulmont.rcb.useInitial.js" reformat="true" live-template-enabled="false" enabled="false" />
    </j2ee_templates>
  </component>
</application>