<application>
  <component name="FileTypeManager" version="18">
    <extensionMap>
      <mapping ext="jfif" type="Image" />
      <mapping ext="ddd" type="Native" />
      <mapping ext="flac" type="Native" />
      <mapping ext="wmv" type="Native" />
      <mapping ext="onetoc2" type="Native" />
      <mapping ext="wav" type="Native" />
      <mapping ext="xmind" type="Native" />
      <mapping ext="art" type="PLAIN_TEXT" />
      <mapping ext="ttf" type="PLAIN_TEXT" />
      <mapping ext="woff" type="PLAIN_TEXT" />
      <removed_mapping ext="wxml" approved="true" type="HTML" />
    </extensionMap>
  </component>
</application>