<application>
  <component name="LanguageInjectionConfiguration">
    <injection language="CSS" injector-id="xml">
      <display-name>h1/@style</display-name>
      <place><![CDATA[xmlAttribute().withLocalName(string().equalTo("style")).withParent(xmlTag().withLocalName(string().equalTo("h1")).withNamespace(string().equalTo("http://www.w3.org/1999/html")))]]></place>
    </injection>
    <injection language="CSS" injector-id="xml">
      <display-name>input/@style</display-name>
      <place><![CDATA[xmlAttribute().withLocalName(string().equalTo("style")).withParent(xmlTag().withLocalName(string().equalTo("input")).withNamespace(string().equalTo("http://www.w3.org/1999/html")))]]></place>
    </injection>
    <injection language="Markdown" injector-id="xml">
      <display-name>pre</display-name>
      <place><![CDATA[xmlTag().withLocalName(string().equalTo("pre")).withNamespace(string().equalTo("http://www.w3.org/1999/html"))]]></place>
    </injection>
  </component>
</application>