<application>
  <component name="PostfixTemplates">
    <template id="rn@userDefined" key=".rn" provider="builtin.js" language-level="ES6" topmost="false">
      <conditions />
      <template name="fakeKey" value="return $EXPR$" toReformat="true" toShortenFQNames="true" />
    </template>
    <template id="try@userDefined" key=".try" provider="builtin.js" language-level="ES6" topmost="false">
      <conditions />
      <template name="fakeKey" value="try{&#10;  $EXPR$$END$&#10;}catch (e) {&#10;  &#10;}" description="" toReformat="true" toShortenFQNames="true" />
    </template>
    <template id="log@userDefined" key=".co" provider="builtin.js" language-level="ES5" topmost="true">
      <conditions />
      <template name="fakeKey" value="console.log($EXPR$);" toReformat="true" toShortenFQNames="true" />
    </template>
    <template id="com.intellij.lang.javascript.template.postfix.JSLogPostfixTemplate#.log" key=".log" provider="builtin.js" builtin="com.intellij.lang.javascript.template.postfix.JSLogPostfixTemplate#.log" />
  </component>
</application>