<application>
  <component name="DependencyUISettings">
    <option name="UI_SHOW_FILES" value="false" />
  </component>
  <component name="UISettings">
    <option name="ACTIVATE_MRU_EDITOR_ON_CLOSE" value="true" />
    <option name="EDITOR_TAB_LIMIT" value="20" />
    <option name="HIDE_TOOL_STRIPES" value="true" />
    <option name="MAX_LOOKUP_LIST_HEIGHT" value="14" />
    <option name="MAX_LOOKUP_WIDTH2" value="561" />
    <option name="SHOW_CLOSE_BUTTON" value="false" />
    <option name="SHOW_INPLACE_COMMENTS" value="true" />
    <option name="SHOW_TOOL_WINDOW_NUMBERS" value="true" />
    <option name="USE_SMALL_LABELS_ON_TABS" value="true" />
    <option name="WIDESCREEN_SUPPORT" value="true" />
  </component>
</application>