<application>
  <component name="AppStorage">
    <option name="newTranslationDialogCollapseDictViewer" value="false" />
    <option name="newTranslationDialogHeight" value="438" />
    <option name="newTranslationDialogWidth" value="717" />
    <option name="newTranslationDialogX" value="501" />
    <option name="newTranslationDialogY" value="267" />
    <histories>
      <item value="UncaughtException" />
      <item value="triggerUncaughtException" />
      <item value="The plugin that makes internationalization easy. Skip copy-pasting and ad-hoc regexes, leverage automatic string extraction, and save time for things that matter. Homepage · Documentation · Support Features: — Detect missing strings in the whole project, folder or file (Tools &gt; Run i18n Ally Inspections…). — Extract hardcoded strings in bulk or from the editor with Quick fixes (Alt+Enter). — Navigate from the source code to the language file to update strings (Ctrl+Click on key). — See text right in the source code instead of keys (toggle with Shift+Ctrl+,). — Rename keys and params from source code. Supports: — React (i18next), Vue, JavaScript and Typescript, PHP, HTML with PHP, Blade and Twig source files. — Storing translation messages in JSON, JavaScript and TypeScript, PHP, PO and POT, XLIFF v1v2 and YAML files. — Automatic configuration for Vue.js, Nuxt.js, Laravel, Symfony, Yii, CodeIgniter and CakePHP projects. Maintained by:" />
      <item value="The Toolbox App Browser Extension works with GitHub, GitLab, or Bitbucket repositories. Make sure you're on your repository page." />
      <item value="ERESOLVE" />
      <item value="npm ERR! code ERESOLVE&#10;npm ERR! ERESOLVE unable to resolve dependency tree&#10;npm ERR!&#10;npm ERR! While resolving: project@0.1.0&#10;npm ERR! Found: less@4.1.2&#10;npm ERR! node_modules/less&#10;npm ERR!   less@&quot;^4.1.1&quot; from the root project&#10;npm ERR!&#10;npm ERR! Could not resolve dependency:&#10;npm ERR! peer less@&quot;^2.3.1 || ^3.0.0&quot; from less-loader@5.0.0&#10;npm ERR! node_modules/less-loader&#10;npm ERR!   less-loader@&quot;^5.0.0&quot; from the root project&#10;npm ERR!&#10;npm ERR! Fix the upstream dependency conflict, or retry&#10;npm ERR! this command with --force, or --legacy-peer-deps&#10;npm ERR! to accept an incorrect (and potentially broken) dependency resolution.&#10;npm ERR!&#10;npm ERR! See D:\Node\nodejs\node_cache\eresolve-report.txt for a full report.&#10;&#10;npm ERR! A complete log of this run can be found in:&#10;npm ERR!     D:\Node\nodejs\node_cache\_logs\2022-04-24T10_53_28_861Z-debug.log&#10;&#10;" />
      <item value="项目展示" />
      <item value="项目zh's" />
      <item value="项目" />
      <item value="residue" />
      <item value="余数" />
      <item value=": Plugin 'JProfiler' is compatible with IntelliJ IDEA only because it doesn't define any explicit module dependencies" />
      <item value="The official JProfiler plugin for JProfiler by ej-technologies. With this plugin, selected run configurations can be profiled with JProfiler from within IDEA." />
      <item value="throw new TypeError(__serialize__(ret) + &quot; is not valid value for the expected return type ListNode" />
      <item value="差" />
      <item value="cha" />
      <item value=" a is not defined" />
      <item value="题目" />
      <item value="serial" />
      <item value="序号" />
      <item value="xv" />
      <item value="ti'mu" />
      <item value="leetcode submit region end(Prohibit modification and deletion" />
      <item value=" DONE  Compiled successfully in 30248ms                                                                                                   下午5:43:49&#10;&#10; DONE  Build complete. The dist\build\mp-weixin directory is ready to be deployed.&#10;" />
      <item value=" Cannot find module 'webpack/lib/RuleSet'" />
      <item value="频道" />
      <item value="judge Event Is Exist" />
      <item value="判断" />
      <item value="存在" />
      <item value="是否存在" />
      <item value="判断是否存在" />
      <item value="判断元素存在" />
      <item value="判断y存在" />
      <item value="判断事件是否存在" />
      <item value="判断事件" />
      <item value="emit" />
      <item value="事件总线" />
      <item value="事件" />
      <item value="eventDelegation.js:56 Uncaught DOMException: Failed to execute 'matches' on 'Element': '[object HTMLDivElement]' is not a valid selector." />
      <item value="triggerEle" />
      <item value="Failed to execute 'querySelectorAll' on 'Document': '[object NodeList]' is not a valid selector." />
      <item value="触发元素" />
      <item value="触发" />
      <item value="事件委派" />
      <item value="事件wei" />
      <item value="事件委托" />
      <item value="shijia" />
      <item value="add Event Listener" />
      <item value="回文" />
      <item value="hui" />
    </histories>
    <option name="languageScores">
      <map>
        <entry key="CHINESE" value="2736" />
        <entry key="ENGLISH" value="2527" />
        <entry key="POLISH" value="1" />
        <entry key="FRENCH" value="3" />
        <entry key="LATIN" value="1" />
        <entry key="ROMANIAN" value="1" />
        <entry key="NORWEGIAN" value="4" />
        <entry key="SWEDISH" value="1" />
        <entry key="WELSH" value="1" />
        <entry key="YIDDISH" value="1" />
        <entry key="INDONESIAN" value="1" />
        <entry key="VIETNAMESE" value="2" />
      </map>
    </option>
  </component>
  <component name="Cache">
    <option name="lastTrimTime" value="1651144436789" />
  </component>
  <component name="Settings">
    <option name="translateDocumentation" value="true" />
  </component>
</application>