<application>
  <component name="AppStorage">
    <option name="newTranslationDialogCollapseDictViewer" value="false" />
    <option name="newTranslationDialogHeight" value="468" />
    <option name="newTranslationDialogWidth" value="1037" />
    <option name="newTranslationDialogX" value="383" />
    <option name="newTranslationDialogY" value="47" />
    <histories>
      <item value="Push partially failed Front-end: Pushed 1 commit to originmaster Web\src\com\git\bilibili-user: remote: No anonymous write access. Authentication failed for 'https:github.comairingursbbilibili-user.git'" />
      <item value="crypto" />
      <item value="&#10;Module not found: Error: Can't resolve 'querystring' in 'D:\微信记录\WeChat Files\wxid_vjz685bjlhi822\FileStorage\File\2022-05\app\node_modules\body-par&#10;ser\lib\types'&#10;&#10;BREAKING CHANGE: webpack &lt; 5 used to include polyfills for node.js core modules by default.&#10;This is no longer the case. Verify if you need this module and configure a polyfill for it.&#10;&#10;If you want to include a polyfill, you need to:&#10;        - add a fallback 'resolve.fallback: { &quot;querystring&quot;: require.resolve(&quot;querystring-es3&quot;) }'&#10;        - install 'querystring-es3'&#10;If you don't want to include a polyfill, you can use an empty module like this:&#10;        resolve.fallback: { &quot;querystring&quot;: false }&#10;" />
      <item value="v" />
      <item value="&#10; INFO  Starting development server...&#10;&#10;&#10; ERROR  Failed to compile with 23 errors                                                                                                     下午5:34:47&#10;&#10; error  in ./node_modules/body-parser/lib/types/urlencoded.js&#10;&#10;Module not found: Error: Can't resolve 'querystring' in 'D:\微信记录\WeChat Files\wxid_vjz685bjlhi822\FileStorage\File\2022-05\app\node_modules\body-par&#10;ser\lib\types'&#10;&#10;BREAKING CHANGE: webpack &lt; 5 used to include polyfills for node.js core modules by default.&#10;This is no longer the case. Verify if you need this module and configure a polyfill for it.&#10;&#10;If you want to include a polyfill, you need to:&#10;        - add a fallback 'resolve.fallback: { &quot;querystring&quot;: require.resolve(&quot;querystring-es3&quot;) }'&#10;        - install 'querystring-es3'&#10;If you don't want to include a polyfill, you can use an empty module like this:&#10;        resolve.fallback: { &quot;querystring&quot;: false }&#10;&#10; error  in ./node_modules/content-disposition/index.js&#10;&#10;Module not found: Error: Can't resolve 'path' in 'D:\微信记录\WeChat Files\wxid_vjz685bjlhi822\FileStorage\File\2022-05\app\node_modules\content-disposi&#10;tion'&#10;&#10;BREAKING CHANGE: webpack &lt; 5 used to include polyfills for node.js core modules by default.&#10;This is no longer the case. Verify if you need this module and configure a polyfill for it.&#10;&#10;If you want to include a polyfill, you need to:&#10;        - add a fallback 'resolve.fallback: { &quot;path&quot;: require.resolve(&quot;path-browserify&quot;) }'&#10;        - install 'path-browserify'&#10;If you don't want to include a polyfill, you can use an empty module like this:&#10;        resolve.fallback: { &quot;path&quot;: false }&#10;" />
      <item value="Please Wait&#10;Loading API Contract Security Audit KDB Articles..." />
      <item value="编码" />
      <item value="重写" />
      <item value="Cannot use import statement outside a module" />
      <item value="difference" />
      <item value="chunk" />
      <item value="数组一维化" />
      <item value="数组一维hua" />
      <item value="数组yi'wei" />
      <item value="数组yi'wei'hua" />
      <item value="数组" />
      <item value="数组扁平化" />
      <item value="shu" />
      <item value="结果" />
      <item value="数组去重" />
      <item value="数组qv" />
      <item value="strict" />
      <item value="stict" />
      <item value="reduce" />
      <item value="初始值" />
      <item value="初始zhi" />
      <item value="初始" />
      <item value="yntaxError: Cannot use import statement outside a module  " />
      <item value="Element implicitly has an 'any' type because expression of type '&quot;value&quot;' can't be used to index type 'Object'.   Property 'value' does not exist on type 'Object'." />
      <item value="ignore" />
      <item value="Cannot find name 'temp'." />
      <item value="Property 'defineProperty' does not exist on type 'object'." />
      <item value="ts2551: property 'num2' does not exist on type '{ num: number; }'. did you mean 'num'?" />
      <item value="Property 'temp' does not exist on type 'object'." />
      <item value="TS7053: Element implicitly has an 'any' type because expression of type '&quot;temp&quot;' can't be used to index type '{}'.   Property 'temp' does not exist on type '{}'." />
      <item value="版本" />
      <item value="直接使用" />
      <item value="工具函数" />
      <item value="函数" />
      <item value="Uncaught TypeError: Failed to execute 'setTimeout' on 'Window': 1 argument required, but only 0 present." />
      <item value="Response body is empty" />
      <item value=" Property &quot;changeMoney&quot; was accessed during render but is not defined on instance. &#10;  at &lt;App&gt;" />
      <item value="总价" />
      <item value="件数" />
      <item value="件shu" />
      <item value="件" />
      <item value="jian" />
      <item value="Cannot convert object to primitive value" />
      <item value="TypeError: Cannot set properties of undefined (setting 'value')" />
      <item value="Property &quot;changeMoney&quot; was accessed during render but is not defined on instance. " />
    </histories>
    <option name="languageScores">
      <map>
        <entry key="CHINESE" value="2574" />
        <entry key="ENGLISH" value="2368" />
        <entry key="POLISH" value="1" />
        <entry key="FRENCH" value="3" />
        <entry key="LATIN" value="1" />
        <entry key="ROMANIAN" value="1" />
        <entry key="NORWEGIAN" value="4" />
        <entry key="SWEDISH" value="1" />
        <entry key="WELSH" value="1" />
        <entry key="YIDDISH" value="1" />
        <entry key="INDONESIAN" value="1" />
        <entry key="VIETNAMESE" value="2" />
      </map>
    </option>
  </component>
  <component name="Cache">
    <option name="lastTrimTime" value="1653484709028" />
  </component>
  <component name="Settings">
    <option name="translateDocumentation" value="true" />
  </component>
</application>