<keymap version="1" name="Windows 副本" parent="$default">
  <action id="NewHtmlFile">
    <keyboard-shortcut first-keystroke="alt h" />
  </action>
  <action id="NewJavaScriptFile">
    <keyboard-shortcut first-keystroke="alt g" />
  </action>
  <action id="NewStylesheetFile">
    <keyboard-shortcut first-keystroke="alt c" />
  </action>
  <action id="NewTypeScriptFile">
    <keyboard-shortcut first-keystroke="alt t" />
  </action>
  <action id="ReformatCode">
    <keyboard-shortcut first-keystroke="ctrl alt l" />
    <keyboard-shortcut first-keystroke="ctrl alt slash" />
  </action>
</keymap>