<keymap version="1" name="Windows 副本 适当重做 Proper Redo" parent="$default">
  <action id="$Redo">
    <keyboard-shortcut first-keystroke="shift ctrl z" />
    <keyboard-shortcut first-keystroke="shift alt back_space" />
    <keyboard-shortcut first-keystroke="ctrl y" />
  </action>
  <action id="ChooseRunConfiguration">
    <keyboard-shortcut first-keystroke="shift alt f10" />
    <keyboard-shortcut first-keystroke="shift alt period" />
  </action>
  <action id="EditorDeleteLine" />
  <action id="EmmetNextEditPoint">
    <keyboard-shortcut first-keystroke="shift alt close_bracket" />
    <keyboard-shortcut first-keystroke="alt close_bracket" />
  </action>
  <action id="EmmetPreviousEditPoint">
    <keyboard-shortcut first-keystroke="shift alt open_bracket" />
    <keyboard-shortcut first-keystroke="alt open_bracket" />
  </action>
  <action id="ExpandAllToLevel1">
    <keyboard-shortcut first-keystroke="shift ctrl multiply" second-keystroke="1" />
    <keyboard-shortcut first-keystroke="shift ctrl multiply" second-keystroke="numpad1" />
    <keyboard-shortcut first-keystroke="shift alt 1" />
  </action>
  <action id="ExpandAllToLevel2">
    <keyboard-shortcut first-keystroke="shift ctrl multiply" second-keystroke="2" />
    <keyboard-shortcut first-keystroke="shift ctrl multiply" second-keystroke="numpad2" />
    <keyboard-shortcut first-keystroke="shift alt 2" />
  </action>
  <action id="ExpandAllToLevel3">
    <keyboard-shortcut first-keystroke="shift ctrl multiply" second-keystroke="3" />
    <keyboard-shortcut first-keystroke="shift ctrl multiply" second-keystroke="numpad3" />
    <keyboard-shortcut first-keystroke="shift alt 3" />
  </action>
  <action id="ExpandAllToLevel4">
    <keyboard-shortcut first-keystroke="shift ctrl multiply" second-keystroke="4" />
    <keyboard-shortcut first-keystroke="shift ctrl multiply" second-keystroke="numpad4" />
    <keyboard-shortcut first-keystroke="shift alt 4" />
  </action>
  <action id="ExpandAllToLevel5">
    <keyboard-shortcut first-keystroke="shift ctrl multiply" second-keystroke="5" />
    <keyboard-shortcut first-keystroke="shift ctrl multiply" second-keystroke="numpad5" />
    <keyboard-shortcut first-keystroke="shift alt 5" />
  </action>
  <action id="Generate">
    <keyboard-shortcut first-keystroke="alt insert" />
    <keyboard-shortcut first-keystroke="alt comma" />
  </action>
  <action id="NewElementMenu">
    <keyboard-shortcut first-keystroke="shift alt comma" />
  </action>
  <action id="NewFile">
    <keyboard-shortcut first-keystroke="alt p" />
  </action>
  <action id="NewHtmlFile">
    <keyboard-shortcut first-keystroke="alt h" />
  </action>
  <action id="NewJavaScriptFile">
    <keyboard-shortcut first-keystroke="alt g" />
  </action>
  <action id="NewStylesheetFile">
    <keyboard-shortcut first-keystroke="alt c" />
  </action>
  <action id="NewTypeScriptFile">
    <keyboard-shortcut first-keystroke="alt t" />
  </action>
  <action id="ReformatCode">
    <keyboard-shortcut first-keystroke="ctrl alt l" />
    <keyboard-shortcut first-keystroke="ctrl alt slash" />
  </action>
  <action id="Run">
    <keyboard-shortcut first-keystroke="shift f10" />
    <keyboard-shortcut first-keystroke="alt period" />
  </action>
  <action id="SelectInProjectView">
    <keyboard-shortcut first-keystroke="ctrl back_slash" />
  </action>
  <action id="SplitVertically">
    <keyboard-shortcut first-keystroke="shift ctrl alt r" />
  </action>
</keymap>